Iteration,xn,fxn,E
0,1,-1,1.0001
1,1.4142135623731,4.44089209850063e-16,0.414213562373095
2,1.4142135623731,4.44089209850063e-16,0
