Iteration,xn,E
<<<<<<< HEAD
1,[2;2.57142857142857],1
2,[0.971428571428571;2.71836734693878],1.05882352941176
3,[0.91265306122449;2.7267638483965],0.0644007155635063
4,[0.909294460641399;2.7272436484798],0.00369363361206583
5,[0.90910254060808;2.72727106562742],0.000211109335577247
6,[0.909091573749033;2.72727263232157],1.20635361316393e-05
=======
1,[3;4.5;1;5],1
2,[3;4;1;5],0.125
3,[3;4;1;5],0
>>>>>>> b8a2f402e0f43b801310a60e028229daa51a20a5
